recording id,saccade id,start timestamp [ns],end timestamp [ns],duration [ms],amplitude [deg],mean velocity [px/s],peak velocity [px/s]
c6b1ee29-0c20-4451-be66-97c2642c3139,12,1777344290030530073,1777344290205777073,175.247,26.878832,3875.4514,7129.233
c6b1ee29-0c20-4451-be66-97c2642c3139,13,1777344290320900073,1777344290355907073,35.007,3.2768927,1745.3905,2379.3042
c6b1ee29-0c20-4451-be66-97c2642c3139,14,1777344290666144073,1777344290811266073,145.122,33.794003,5148.664,16004.61
c6b1ee29-0c20-4451-be66-97c2642c3139,15,1777344291136636073,1777344291166635073,29.999,2.8500938,1422.2645,1747.417
c6b1ee29-0c20-4451-be66-97c2642c3139,16,1777344291522004073,1777344291767254073,245.25,33.12701,3865.239,7162.152
c6b1ee29-0c20-4451-be66-97c2642c3139,17,1777344292307740073,1777344292462862073,155.122,32.477207,5819.375,12043.969
c6b1ee29-0c20-4451-be66-97c2642c3139,18,1777344292617996073,1777344292647984073,29.988,6.051014,3555.2883,4349.147
c6b1ee29-0c20-4451-be66-97c2642c3139,19,1777344292878230073,1777344292913229073,34.999,4.373928,2069.8162,2748.7334
c6b1ee29-0c20-4451-be66-97c2642c3139,20,1777344293453733073,1777344293478720073,24.987,1.9000447,1190.0137,1337.3079
c6b1ee29-0c20-4451-be66-97c2642c3139,21,1777344293864088073,1777344293889212073,25.124,2.3424585,1364.0754,1664.2855
c6b1ee29-0c20-4451-be66-97c2642c3139,22,1777344294319580073,1777344294369579073,49.999,13.599212,3561.639,6875.613
c6b1ee29-0c20-4451-be66-97c2642c3139,23,1777344294514701073,1777344294559829073,45.128,11.820733,4144.906,6178.3906
c6b1ee29-0c20-4451-be66-97c2642c3139,24,1777344294895079073,1777344294950194073,55.115,18.53064,5300.1714,8690.988
c6b1ee29-0c20-4451-be66-97c2642c3139,25,1777344295320437073,1777344295475684073,155.247,19.024212,4094.8308,9282.015
c6b1ee29-0c20-4451-be66-97c2642c3139,26,1777344296691788073,1777344296726787073,34.999,2.451018,1149.8909,1621.0637
c6b1ee29-0c20-4451-be66-97c2642c3139,27,1777344296957033073,1777344296992033073,35.0,3.7368877,1688.6329,2286.2693
c6b1ee29-0c20-4451-be66-97c2642c3139,28,1777344297482524073,1777344297507523073,24.999,1.7660872,1071.2699,1201.1498
c6b1ee29-0c20-4451-be66-97c2642c3139,29,1777344299319242073,1777344299729609073,410.367,2.0062103,2227.6003,6295.9
c6b1ee29-0c20-4451-be66-97c2642c3139,30,1777344300585344073,1777344300605349073,20.005,1.2012287,955.8881,1060.007
c6b1ee29-0c20-4451-be66-97c2642c3139,31,1777344300925713073,1777344300960713073,35.0,3.856577,1661.0471,2344.3945
c6b1ee29-0c20-4451-be66-97c2642c3139,32,1777344301311082073,1777344301341081073,29.999,1.8782092,977.3256,1242.2333
c6b1ee29-0c20-4451-be66-97c2642c3139,33,1777344302522195073,1777344302547190073,24.995,2.1825273,1334.583,1648.1415
c6b1ee29-0c20-4451-be66-97c2642c3139,34,1777344302977552073,1777344303007684073,30.132,2.126373,1119.4606,1443.7908
c6b1ee29-0c20-4451-be66-97c2642c3139,35,1777344304378902073,1777344304579159073,200.257,0.67739797,2352.466,7062.0063
c6b1ee29-0c20-4451-be66-97c2642c3139,36,1777344305339760073,1777344305364760073,25.0,2.1769602,1368.878,1700.85
c6b1ee29-0c20-4451-be66-97c2642c3139,37,1777344306215620073,1777344306285619073,69.999,23.021566,4860.6616,8685.365
c6b1ee29-0c20-4451-be66-97c2642c3139,38,1777344306455866073,1777344306480865073,24.999,1.80053,1137.7148,1409.9941
c6b1ee29-0c20-4451-be66-97c2642c3139,39,1777344306575988073,1777344306650994073,75.006,25.77384,5436.2183,10609.257
c6b1ee29-0c20-4451-be66-97c2642c3139,40,1777344306806110073,1777344306866233073,60.123,26.512447,6400.2285,11131.254
c6b1ee29-0c20-4451-be66-97c2642c3139,41,1777344307206477073,1777344307291601073,85.124,30.670523,5689.3755,10922.882
c6b1ee29-0c20-4451-be66-97c2642c3139,42,1777344307481722073,1777344307511847073,30.125,2.2568386,1164.3179,1513.0736
c6b1ee29-0c20-4451-be66-97c2642c3139,43,1777344308742950073,1777344308813075073,70.125,15.98891,3928.6748,8121.3784
c6b1ee29-0c20-4451-be66-97c2642c3139,44,1777344309618810073,1777344309788932073,170.122,19.70867,3793.2915,9769.224
c6b1ee29-0c20-4451-be66-97c2642c3139,45,1777344310064177073,1777344310094176073,29.999,3.0972402,1609.7382,2123.964
c6b1ee29-0c20-4451-be66-97c2642c3139,46,1777344311465532073,1777344311495529073,29.997,2.2648118,1129.1843,1497.4805
c6b1ee29-0c20-4451-be66-97c2642c3139,47,1777344311840770073,1777344311855895073,15.125,0.92719877,914.6217,1022.2681
c6b1ee29-0c20-4451-be66-97c2642c3139,48,1777344312926876073,1777344313302244073,375.368,2.2720573,2953.76,7491.389
c6b1ee29-0c20-4451-be66-97c2642c3139,49,1777344313462366073,1777344313487366073,25.0,2.503414,1295.0823,1723.7207
c6b1ee29-0c20-4451-be66-97c2642c3139,50,1777344314593346073,1777344314633483073,40.137,3.080398,1233.7153,1640.4536
c6b1ee29-0c20-4451-be66-97c2642c3139,51,1777344315389082073,1777344315664327073,275.245,2.5042272,2789.565,6678.3755
c6b1ee29-0c20-4451-be66-97c2642c3139,52,1777344316149819073,1777344316164818073,14.999,0.8560249,943.89246,1065.4967
c6b1ee29-0c20-4451-be66-97c2642c3139,53,1777344316274942073,1777344316304941073,29.999,2.3823578,1247.9332,1402.5518
c6b1ee29-0c20-4451-be66-97c2642c3139,54,1777344316695316073,1777344316760433073,65.117,26.172556,5881.7666,10082.689
c6b1ee29-0c20-4451-be66-97c2642c3139,55,1777344316980554073,1777344317055678073,75.124,30.961124,6496.2134,11649.517
c6b1ee29-0c20-4451-be66-97c2642c3139,56,1777344317215800073,1777344317240799073,24.999,1.4725422,924.23773,1026.7427
c6b1ee29-0c20-4451-be66-97c2642c3139,57,1777344319763130073,1777344319788267073,25.137,1.8873776,1194.792,1450.0023
c6b1ee29-0c20-4451-be66-97c2642c3139,58,1777344320103498073,1777344320183622073,80.124,8.94095,2356.0022,5593.784
c6b1ee29-0c20-4451-be66-97c2642c3139,59,1777344320548866073,1777344320829236073,280.37,2.54377,3154.7532,7870.6543
c6b1ee29-0c20-4451-be66-97c2642c3139,60,1777344320944239073,1777344320994358073,50.119,16.258297,4148.655,8798.888
c6b1ee29-0c20-4451-be66-97c2642c3139,61,1777344321159489073,1777344321214479073,54.99,16.004921,4423.483,8580.654
c6b1ee29-0c20-4451-be66-97c2642c3139,62,1777344321699970073,1777344321734974073,35.004,3.5899467,1507.4087,1981.1732
c6b1ee29-0c20-4451-be66-97c2642c3139,63,1777344322020339073,1777344322050339073,30.0,2.84062,1478.6578,1942.5206
c6b1ee29-0c20-4451-be66-97c2642c3139,64,1777344323836932073,1777344323862063073,25.131,1.6825836,1101.1099,1250.8337
c6b1ee29-0c20-4451-be66-97c2642c3139,65,1777344325373404073,1777344325408404073,35.0,2.50148,1278.8921,1747.0621
c6b1ee29-0c20-4451-be66-97c2642c3139,66,1777344327165122073,1777344327195122073,30.0,3.9424853,1865.9412,2667.4937
c6b1ee29-0c20-4451-be66-97c2642c3139,67,1777344327465367073,1777344327495367073,30.0,2.676382,1282.0585,1648.8348
c6b1ee29-0c20-4451-be66-97c2642c3139,68,1777344327850735073,1777344327880735073,30.0,2.368463,1188.0824,1505.3909
c6b1ee29-0c20-4451-be66-97c2642c3139,69,1777344329297084073,1777344329507217073,210.133,2.927551,2342.8901,5929.51
c6b1ee29-0c20-4451-be66-97c2642c3139,70,1777344329767451073,1777344329787451073,20.0,1.1261172,876.05194,1066.4376
c6b1ee29-0c20-4451-be66-97c2642c3139,71,1777344332264781073,1777344332695149073,430.368,0.7980086,2456.0447,6808.1963
c6b1ee29-0c20-4451-be66-97c2642c3139,72,1777344332900395073,1777344332940394073,39.999,1.9784693,1102.0326,1502.8906
c6b1ee29-0c20-4451-be66-97c2642c3139,73,1777344333731134073,1777344333786254073,55.12,19.087399,5086.4634,9158.97
c6b1ee29-0c20-4451-be66-97c2642c3139,74,1777344334326751073,1777344334361744073,34.993,4.1415043,1601.9961,2574.7722
c6b1ee29-0c20-4451-be66-97c2642c3139,75,1777344334551865073,1777344334566990073,15.125,1.0360473,1047.48,1176.9733
c6b1ee29-0c20-4451-be66-97c2642c3139,76,1777344334782111073,1777344334982366073,200.255,21.775106,3072.7847,9538.349
c6b1ee29-0c20-4451-be66-97c2642c3139,77,1777344335157479073,1777344335182479073,25.0,1.6103983,988.0711,1081.1837
c6b1ee29-0c20-4451-be66-97c2642c3139,78,1777344335387725073,1777344335412725073,25.0,1.8818933,1140.5195,1399.2081
c6b1ee29-0c20-4451-be66-97c2642c3139,79,1777344335652978073,1777344335672970073,19.992,1.1839728,941.82965,983.87866
c6b1ee29-0c20-4451-be66-97c2642c3139,80,1777344336338583073,1777344336458706073,120.123,16.791786,3487.5137,8311.719
c6b1ee29-0c20-4451-be66-97c2642c3139,81,1777344336703952073,1777344337294444073,590.492,19.148853,2894.0667,10146.3955
c6b1ee29-0c20-4451-be66-97c2642c3139,82,1777344337459688073,1777344337484688073,25.0,2.997352,1483.1024,2014.671
c6b1ee29-0c20-4451-be66-97c2642c3139,83,1777344338090177073,1777344338150301073,60.124,15.692399,3694.991,7793.529
c6b1ee29-0c20-4451-be66-97c2642c3139,84,1777344338435546073,1777344338490545073,54.999,15.986852,4295.3003,8154.7744
c6b1ee29-0c20-4451-be66-97c2642c3139,85,1777344339696648073,1777344339721773073,25.125,1.8957807,1146.6658,1383.8636
c6b1ee29-0c20-4451-be66-97c2642c3139,86,1777344339992018073,1777344340022017073,29.999,1.8242357,983.1328,1200.2146
c6b1ee29-0c20-4451-be66-97c2642c3139,87,1777344340382386073,1777344340412385073,29.999,2.3196058,1205.2421,1667.8556
c6b1ee29-0c20-4451-be66-97c2642c3139,88,1777344340882752073,1777344340902881073,20.129,1.3722225,1062.3103,1218.9943
c6b1ee29-0c20-4451-be66-97c2642c3139,89,1777344341148003073,1777344341413248073,265.245,2.3925855,2989.1045,6475.529
c6b1ee29-0c20-4451-be66-97c2642c3139,90,1777344341723612073,1777344341753611073,29.999,2.5411785,1267.9644,1801.8065
c6b1ee29-0c20-4451-be66-97c2642c3139,91,1777344342659470073,1777344342694473073,35.003,3.679759,1522.7168,2076.948
c6b1ee29-0c20-4451-be66-97c2642c3139,92,1777344342879600073,1777344342899716073,20.116,1.4964908,1179.5807,1449.5071
c6b1ee29-0c20-4451-be66-97c2642c3139,93,1777344343430210073,1777344343460205073,29.995,2.3817368,1194.242,1541.8179
c6b1ee29-0c20-4451-be66-97c2642c3139,94,1777344343900573073,1777344343935697073,35.124,3.3948271,1389.6814,2080.0374
c6b1ee29-0c20-4451-be66-97c2642c3139,95,1777344344140818073,1777344344501187073,360.369,9.115573,3080.588,7521.284
c6b1ee29-0c20-4451-be66-97c2642c3139,96,1777344344866557073,1777344344921554073,54.997,9.145057,2547.0383,5166.8525
c6b1ee29-0c20-4451-be66-97c2642c3139,97,1777344346322916073,1777344346357903073,34.987,4.186934,1714.3289,2461.9683
c6b1ee29-0c20-4451-be66-97c2642c3139,98,1777344346703272073,1777344346738272073,35.0,3.0402305,1368.4502,1680.3718
c6b1ee29-0c20-4451-be66-97c2642c3139,99,1777344347333761073,1777344347368885073,35.124,3.436542,1474.613,2114.6838
c6b1ee29-0c20-4451-be66-97c2642c3139,100,1777344347624006073,1777344347654130073,30.124,2.6965451,1218.0935,2211.0269
c6b1ee29-0c20-4451-be66-97c2642c3139,101,1777344347914375073,1777344347944381073,30.006,2.7409742,1441.3016,1648.1853
c6b1ee29-0c20-4451-be66-97c2642c3139,102,1777344348209620073,1777344348234623073,25.003,2.2220697,1286.6661,1642.6934
c6b1ee29-0c20-4451-be66-97c2642c3139,103,1777344348920232073,1777344348965357073,45.125,3.460577,1544.8102,2518.8726
c6b1ee29-0c20-4451-be66-97c2642c3139,104,1777344349160478073,1777344349195477073,34.999,4.730055,2140.5686,2815.876
c6b1ee29-0c20-4451-be66-97c2642c3139,105,1777344349375724073,1777344349450723073,74.999,8.447581,2119.8782,4309.5386
c6b1ee29-0c20-4451-be66-97c2642c3139,106,1777344349776092073,1777344349791092073,15.0,0.8161813,872.97876,1001.0328
c6b1ee29-0c20-4451-be66-97c2642c3139,107,1777344350191459073,1777344350226459073,35.0,3.1912076,1461.6652,1906.187
c6b1ee29-0c20-4451-be66-97c2642c3139,108,1777344350736950073,1777344350771957073,35.007,3.2334404,1322.4055,1940.2474
c6b1ee29-0c20-4451-be66-97c2642c3139,109,1777344350997195073,1777344351032194073,34.999,3.1642523,1351.035,1867.1898
c6b1ee29-0c20-4451-be66-97c2642c3139,110,1777344351537685073,1777344351562685073,25.0,1.5879903,988.2541,1233.9214
c6b1ee29-0c20-4451-be66-97c2642c3139,111,1777344351908053073,1777344351938053073,30.0,2.7425084,1263.0474,1927.484
c6b1ee29-0c20-4451-be66-97c2642c3139,112,1777344352083175073,1777344352423544073,340.369,1.4870878,2573.775,6649.419
c6b1ee29-0c20-4451-be66-97c2642c3139,113,1777344352949041073,1777344352979034073,29.993,3.567881,1758.3829,2322.4639
c6b1ee29-0c20-4451-be66-97c2642c3139,114,1777344353309403073,1777344353339403073,30.0,2.666533,1218.1913,1966.2366
c6b1ee29-0c20-4451-be66-97c2642c3139,115,1777344353669650073,1777344353699652073,30.002,2.5380569,1381.6246,1684.0371
c6b1ee29-0c20-4451-be66-97c2642c3139,116,1777344354325260073,1777344354645629073,320.369,3.0948865,3066.5356,9039.56
c6b1ee29-0c20-4451-be66-97c2642c3139,117,1777344354860750073,1777344354920874073,60.124,1.9676125,1403.9496,2464.6704
c6b1ee29-0c20-4451-be66-97c2642c3139,118,1777344355236118073,1777344355271118073,35.0,3.1664612,1504.154,2002.3967
c6b1ee29-0c20-4451-be66-97c2642c3139,119,1777344355571488073,1777344355601487073,29.999,2.2909403,1219.7744,1546.4087
c6b1ee29-0c20-4451-be66-97c2642c3139,120,1777344356557345073,1777344356587347073,30.002,2.4542406,1221.2197,1448.7548
c6b1ee29-0c20-4451-be66-97c2642c3139,121,1777344356802590073,1777344356827590073,25.0,2.4924204,1469.8215,1894.001
c6b1ee29-0c20-4451-be66-97c2642c3139,122,1777344357643325073,1777344357683464073,40.139,1.7289201,989.2334,1277.6489
c6b1ee29-0c20-4451-be66-97c2642c3139,123,1777344358774430073,1777344358799429073,24.999,1.6854413,963.8411,1275.3889
c6b1ee29-0c20-4451-be66-97c2642c3139,124,1777344358999675073,1777344359359919073,360.244,1.5029466,2568.7239,7435.004
c6b1ee29-0c20-4451-be66-97c2642c3139,125,1777344360626146073,1777344360666145073,39.999,2.8808267,1141.0925,1468.2769
c6b1ee29-0c20-4451-be66-97c2642c3139,126,1777344361051513073,1777344361086513073,35.0,2.8318033,1277.1066,1849.0751
c6b1ee29-0c20-4451-be66-97c2642c3139,127,1777344362047508073,1777344362077495073,29.987,2.8774152,1489.8435,2056.4097
c6b1ee29-0c20-4451-be66-97c2642c3139,128,1777344362392739073,1777344362427863073,35.124,4.244247,1785.47,2597.6892
c6b1ee29-0c20-4451-be66-97c2642c3139,129,1777344362848231073,1777344362878230073,29.999,2.0889766,1110.5858,1502.5522
c6b1ee29-0c20-4451-be66-97c2642c3139,130,1777344363208599073,1777344363443720073,235.121,2.7619717,3288.378,9124.895
c6b1ee29-0c20-4451-be66-97c2642c3139,131,1777344365155314073,1777344365175314073,20.0,1.4254513,1049.1494,1442.8807
c6b1ee29-0c20-4451-be66-97c2642c3139,132,1777344366661790073,1777344366691786073,29.996,2.0323107,1088.3517,1303.5951
c6b1ee29-0c20-4451-be66-97c2642c3139,133,1777344366997031073,1777344367032039073,35.008,2.918358,1373.1868,1815.0781
c6b1ee29-0c20-4451-be66-97c2642c3139,134,1777344368783748073,1777344369179124073,395.376,4.8639374,3647.5703,8868.63
c6b1ee29-0c20-4451-be66-97c2642c3139,135,1777344369474366073,1777344369499360073,24.994,2.0770473,1271.9286,1571.1278
c6b1ee29-0c20-4451-be66-97c2642c3139,136,1777344370194973073,1777344370325095073,130.122,5.091704,1498.1389,3100.2612
c6b1ee29-0c20-4451-be66-97c2642c3139,137,1777344370580341073,1777344370615465073,35.124,4.083173,1722.1825,2263.738
c6b1ee29-0c20-4451-be66-97c2642c3139,138,1777344371045832073,1777344371085832073,40.0,4.5956063,1792.7094,2387.9397
c6b1ee29-0c20-4451-be66-97c2642c3139,139,1777344371616328073,1777344371646321073,29.993,2.4322307,1297.8813,1534.4988
c6b1ee29-0c20-4451-be66-97c2642c3139,140,1777344372291935073,1777344372322059073,30.124,2.432039,1319.5142,1678.3516
c6b1ee29-0c20-4451-be66-97c2642c3139,141,1777344372702307073,1777344372717427073,15.12,1.1046982,1090.0271,1638.4996
c6b1ee29-0c20-4451-be66-97c2642c3139,142,1777344373207793073,1777344373247917073,40.124,3.459404,1253.8678,1747.2877
c6b1ee29-0c20-4451-be66-97c2642c3139,143,1777344373583161073,1777344373618161073,35.0,3.607306,1526.9441,2271.3896
c6b1ee29-0c20-4451-be66-97c2642c3139,144,1777344373808407073,1777344373823407073,15.0,0.91982883,946.2689,1077.2339
c6b1ee29-0c20-4451-be66-97c2642c3139,145,1777344374198775073,1777344374500633073,301.858,4.298421,3194.119,9143.778
c6b1ee29-0c20-4451-be66-97c2642c3139,146,1777344374710883073,1777344374725883073,15.0,0.8755945,913.18475,1028.6714
c6b1ee29-0c20-4451-be66-97c2642c3139,147,1777344374891008073,1777344374921015073,30.007,2.4985147,1222.46,1787.3682
c6b1ee29-0c20-4451-be66-97c2642c3139,148,1777344375231383073,1777344375261385073,30.002,1.949506,1103.1377,1379.0397
c6b1ee29-0c20-4451-be66-97c2642c3139,149,1777344375581633073,1777344375611633073,30.0,3.014603,1550.2384,1907.8932
c6b1ee29-0c20-4451-be66-97c2642c3139,150,1777344376027133073,1777344376062133073,35.0,4.0498853,1705.1409,2361.8499
c6b1ee29-0c20-4451-be66-97c2642c3139,151,1777344376147149073,1777344376207262073,60.113,0.10409463,1067.3186,2082.252
c6b1ee29-0c20-4451-be66-97c2642c3139,152,1777344376282383073,1777344376307383073,25.0,1.5540162,1046.6648,1583.6926
c6b1ee29-0c20-4451-be66-97c2642c3139,153,1777344376797757073,1777344376832882073,35.125,4.0874047,1822.3389,2277.658
c6b1ee29-0c20-4451-be66-97c2642c3139,154,1777344377293257073,1777344377373397073,80.14,25.27417,4979.3647,8430.377
c6b1ee29-0c20-4451-be66-97c2642c3139,155,1777344377653632073,1777344377908882073,255.25,37.941708,3423.416,9900.465
c6b1ee29-0c20-4451-be66-97c2642c3139,156,1777344377999007073,1777344378034007073,35.0,5.7869964,1847.2573,4007.7847
c6b1ee29-0c20-4451-be66-97c2642c3139,157,1777344378414382073,1777344378449382073,35.0,5.339852,2214.2104,3011.8403
c6b1ee29-0c20-4451-be66-97c2642c3139,158,1777344379415256073,1777344379450381073,35.125,4.970126,1803.2657,3548.8875
c6b1ee29-0c20-4451-be66-97c2642c3139,159,1777344380005881073,1777344380020881073,15.0,0.7637018,891.493,1081.1656
c6b1ee29-0c20-4451-be66-97c2642c3139,160,1777344380271131073,1777344380291131073,20.0,1.6726005,1315.7054,1620.8108
c6b1ee29-0c20-4451-be66-97c2642c3139,161,1777344381292136073,1777344381312130073,19.994,2.3359156,1466.5951,1988.1356
c6b1ee29-0c20-4451-be66-97c2642c3139,162,1777344381847642073,1777344381912631073,64.989,4.765051,1582.3232,3452.54
c6b1ee29-0c20-4451-be66-97c2642c3139,163,1777344382112880073,1777344382127880073,15.0,0.80313003,883.60236,1082.2673
c6b1ee29-0c20-4451-be66-97c2642c3139,164,1777344382513255073,1777344382543255073,30.0,2.856819,1416.4933,1836.3173
c6b1ee29-0c20-4451-be66-97c2642c3139,165,1777344382998630073,1777344383033762073,35.132,3.1986508,1377.5339,2007.6544
c6b1ee29-0c20-4451-be66-97c2642c3139,166,1777344383148880073,1777344383168880073,20.0,1.3071761,1071.8187,1428.4304
c6b1ee29-0c20-4451-be66-97c2642c3139,167,1777344383589255073,1777344384164754073,575.499,3.0854208,3307.7034,8170.0996
c6b1ee29-0c20-4451-be66-97c2642c3139,168,1777344384385004073,1777344384415004073,30.0,3.4692087,1776.6963,2235.7693
c6b1ee29-0c20-4451-be66-97c2642c3139,169,1777344385140754073,1777344385160754073,20.0,1.4463017,1111.3577,1441.8835
c6b1ee29-0c20-4451-be66-97c2642c3139,170,1777344385866379073,1777344385886379073,20.0,1.1632334,933.91486,1096.1123
c6b1ee29-0c20-4451-be66-97c2642c3139,171,1777344386056629073,1777344386086629073,30.0,3.1627493,1643.0198,2078.3801
c6b1ee29-0c20-4451-be66-97c2642c3139,172,1777344386632128073,1777344386647128073,15.0,0.9010009,965.0707,1163.3524
c6b1ee29-0c20-4451-be66-97c2642c3139,173,1777344386837378073,1777344386857378073,20.0,0.8654037,983.8324,1267.7657
c6b1ee29-0c20-4451-be66-97c2642c3139,174,1777344387217628073,1777344387332753073,115.125,1.1342857,909.07855,1240.3286
c6b1ee29-0c20-4451-be66-97c2642c3139,175,1777344387828253073,1777344387873253073,45.0,8.747674,2845.548,4430.8276
c6b1ee29-0c20-4451-be66-97c2642c3139,176,1777344388053503073,1777344388428878073,375.375,10.3935175,3058.881,7105.8813
c6b1ee29-0c20-4451-be66-97c2642c3139,177,1777344388513877073,1777344388574003073,60.126,2.1280367,1120.5186,1476.9764
c6b1ee29-0c20-4451-be66-97c2642c3139,178,1777344388909252073,1777344388939258073,30.006,2.519861,1239.4176,1784.8958
c6b1ee29-0c20-4451-be66-97c2642c3139,179,1777344390105377073,1777344390145502073,40.125,4.9415283,1866.4973,2659.249
c6b1ee29-0c20-4451-be66-97c2642c3139,180,1777344391291501073,1777344391321626073,30.125,3.6575377,1859.9658,2426.6272
c6b1ee29-0c20-4451-be66-97c2642c3139,181,1777344391521760073,1777344391581751073,59.991,17.67368,4412.3105,8397.057
c6b1ee29-0c20-4451-be66-97c2642c3139,182,1777344391972126073,1777344392022251073,50.125,0.50081086,951.0764,1114.4832
c6b1ee29-0c20-4451-be66-97c2642c3139,183,1777344392212379073,1777344392412626073,200.247,14.178094,3122.5403,8936.738
c6b1ee29-0c20-4451-be66-97c2642c3139,184,1777344392572751073,1777344392627751073,55.0,21.257727,5718.729,10768.172
c6b1ee29-0c20-4451-be66-97c2642c3139,185,1777344392803010073,1777344393463625073,660.615,22.665905,2923.749,7804.656
c6b1ee29-0c20-4451-be66-97c2642c3139,186,1777344393984125073,1777344394019125073,35.0,5.3397093,2376.213,3067.634
c6b1ee29-0c20-4451-be66-97c2642c3139,187,1777344394259375073,1777344394299375073,40.0,7.239458,2614.075,4039.4492
c6b1ee29-0c20-4451-be66-97c2642c3139,188,1777344394749750073,1777344394779875073,30.125,3.210308,1656.316,2116.295
c6b1ee29-0c20-4451-be66-97c2642c3139,189,1777344395675624073,1777344395710762073,35.138,3.1388175,1408.4602,1919.1436
c6b1ee29-0c20-4451-be66-97c2642c3139,190,1777344395986010073,1777344396020999073,34.989,2.9033244,1154.6244,1676.4512
c6b1ee29-0c20-4451-be66-97c2642c3139,191,1777344396306249073,1777344396366374073,60.125,3.788131,1498.8741,2462.4434
c6b1ee29-0c20-4451-be66-97c2642c3139,192,1777344396721624073,1777344396751749073,30.125,3.0840213,1601.6085,2094.7917
c6b1ee29-0c20-4451-be66-97c2642c3139,193,1777344397111998073,1777344397147124073,35.126,4.9316177,1872.6736,3131.9697
c6b1ee29-0c20-4451-be66-97c2642c3139,194,1777344397522373073,1777344397567498073,45.125,11.24249,3399.2988,6534.362
c6b1ee29-0c20-4451-be66-97c2642c3139,195,1777344397722623073,1777344397777623073,55.0,17.597122,4136.685,8298.075
c6b1ee29-0c20-4451-be66-97c2642c3139,196,1777344397872748073,1777344398097998073,225.25,28.105543,3538.043,10777.972
c6b1ee29-0c20-4451-be66-97c2642c3139,197,1777344398268123073,1777344398298133073,30.01,3.51655,1596.4854,2346.418
c6b1ee29-0c20-4451-be66-97c2642c3139,198,1777344398628498073,1777344398673498073,45.0,4.228531,1613.976,2573.6572
c6b1ee29-0c20-4451-be66-97c2642c3139,199,1777344399108998073,1777344399138998073,30.0,3.311305,1581.753,2250.163
c6b1ee29-0c20-4451-be66-97c2642c3139,200,1777344399794622073,1777344399829637073,35.015,2.9150429,1329.2124,1798.7468
c6b1ee29-0c20-4451-be66-97c2642c3139,201,1777344400415123073,1777344400450247073,35.124,3.2028883,1365.4362,2091.1055
c6b1ee29-0c20-4451-be66-97c2642c3139,202,1777344401065747073,1777344401125872073,60.125,4.625413,1770.5511,2864.1382
c6b1ee29-0c20-4451-be66-97c2642c3139,203,1777344402321996073,1777344402582257073,260.261,13.429972,3004.6284,8538.864
c6b1ee29-0c20-4451-be66-97c2642c3139,204,1777344402682256073,1777344402717371073,35.115,4.404761,1642.4192,2700.348
c6b1ee29-0c20-4451-be66-97c2642c3139,205,1777344402807496073,1777344402827496073,20.0,0.9743389,890.24896,1160.7666
c6b1ee29-0c20-4451-be66-97c2642c3139,206,1777344402912496073,1777344402947621073,35.125,3.0147707,1249.4716,1637.6334
c6b1ee29-0c20-4451-be66-97c2642c3139,207,1777344403457996073,1777344403488121073,30.125,3.034005,1641.9541,1996.8428
c6b1ee29-0c20-4451-be66-97c2642c3139,208,1777344404468995073,1777344404494005073,25.01,1.2780817,948.86743,1404.2194
c6b1ee29-0c20-4451-be66-97c2642c3139,209,1777344405434870073,1777344405449994073,15.124,0.8062325,828.13477,845.4138
c6b1ee29-0c20-4451-be66-97c2642c3139,210,1777344405720132073,1777344405750244073,30.112,3.089739,1429.2834,2174.1262
c6b1ee29-0c20-4451-be66-97c2642c3139,211,1777344405985500073,1777344406420869073,435.369,3.8993354,2971.061,9856.482
c6b1ee29-0c20-4451-be66-97c2642c3139,212,1777344406861244073,1777344406896369073,35.125,3.9824195,1484.4545,2362.5469
c6b1ee29-0c20-4451-be66-97c2642c3139,213,1777344407316743073,1777344407596993073,280.25,30.017227,2693.112,7115.854
c6b1ee29-0c20-4451-be66-97c2642c3139,214,1777344407732128073,1777344408252618073,520.49,33.371178,2822.157,13048.6455
c6b1ee29-0c20-4451-be66-97c2642c3139,215,1777344408447743073,1777344408492868073,45.125,3.7199235,1591.8761,2547.1292
c6b1ee29-0c20-4451-be66-97c2642c3139,216,1777344408993243073,1777344409018368073,25.125,0.94733995,959.4364,1120.939
c6b1ee29-0c20-4451-be66-97c2642c3139,217,1777344409313618073,1777344409348617073,34.999,1.6359887,1244.0513,1584.1732
c6b1ee29-0c20-4451-be66-97c2642c3139,218,1777344409588867073,1777344409608867073,20.0,1.4322069,1222.0,1957.9048
c6b1ee29-0c20-4451-be66-97c2642c3139,219,1777344409969242073,1777344410004249073,35.007,2.8063347,1383.0168,2607.4595
c6b1ee29-0c20-4451-be66-97c2642c3139,220,1777344410439617073,1777344410489742073,50.125,5.486621,1570.6896,2949.1763
c6b1ee29-0c20-4451-be66-97c2642c3139,221,1777344410980117073,1777344411000243073,20.126,1.3524667,1067.5233,1702.8469
c6b1ee29-0c20-4451-be66-97c2642c3139,222,1777344411305491073,1777344411340491073,35.0,2.1299646,1114.7341,1536.7294
c6b1ee29-0c20-4451-be66-97c2642c3139,223,1777344411540741073,1777344411570741073,30.0,2.4976578,1253.4526,1891.0494
c6b1ee29-0c20-4451-be66-97c2642c3139,224,1777344412016116073,1777344412451616073,435.5,3.8834631,2663.1077,8383.698
c6b1ee29-0c20-4451-be66-97c2642c3139,225,1777344412531626073,1777344412556616073,24.99,2.3217068,1262.121,1831.9019
c6b1ee29-0c20-4451-be66-97c2642c3139,226,1777344413237365073,1777344413277366073,40.001,5.5032887,1995.5352,2988.9072
c6b1ee29-0c20-4451-be66-97c2642c3139,227,1777344413607615073,1777344413642740073,35.125,4.689216,1711.5176,2675.4805
c6b1ee29-0c20-4451-be66-97c2642c3139,228,1777344414113118073,1777344414518490073,405.372,2.7108326,2501.2107,6959.9854
c6b1ee29-0c20-4451-be66-97c2642c3139,229,1777344415159115073,1777344415189119073,30.004,4.240233,2014.173,3463.9954
c6b1ee29-0c20-4451-be66-97c2642c3139,230,1777344415484489073,1777344415514489073,30.0,4.395449,1957.1075,3170.7112
c6b1ee29-0c20-4451-be66-97c2642c3139,231,1777344415834747073,1777344415849742073,14.995,0.5320536,1176.0203,2050.65
c6b1ee29-0c20-4451-be66-97c2642c3139,232,1777344415964864073,1777344416009989073,45.125,8.518352,2648.4993,5134.461
c6b1ee29-0c20-4451-be66-97c2642c3139,233,1777344416475364073,1777344416510364073,35.0,4.7899375,1659.2134,2958.6758
c6b1ee29-0c20-4451-be66-97c2642c3139,234,1777344416755614073,1777344416855742073,100.128,26.30736,4110.316,7789.602
c6b1ee29-0c20-4451-be66-97c2642c3139,235,1777344416990871073,1777344417025870073,34.999,5.315257,2057.4116,3366.4424
c6b1ee29-0c20-4451-be66-97c2642c3139,236,1777344417216113073,1777344417291122073,75.009,22.850021,4762.3857,9268.241
c6b1ee29-0c20-4451-be66-97c2642c3139,237,1777344417446238073,1777344417481364073,35.126,3.4801419,1345.1495,2237.4487
c6b1ee29-0c20-4451-be66-97c2642c3139,238,1777344417781613073,1777344417856738073,75.125,29.116259,5755.558,9177.582
c6b1ee29-0c20-4451-be66-97c2642c3139,239,1777344417996863073,1777344418011863073,15.0,0.8724194,914.3337,1061.4009
c6b1ee29-0c20-4451-be66-97c2642c3139,240,1777344418206988073,1777344418226988073,20.0,1.2866089,969.52026,1179.824
c6b1ee29-0c20-4451-be66-97c2642c3139,241,1777344418527365073,1777344418762499073,235.134,28.249107,3157.1003,8857.624
c6b1ee29-0c20-4451-be66-97c2642c3139,242,1777344418862613073,1777344418882612073,19.999,1.2707474,1097.5961,1306.4797
c6b1ee29-0c20-4451-be66-97c2642c3139,243,1777344419267987073,1777344419398112073,130.125,24.055292,3615.46,8502.019
c6b1ee29-0c20-4451-be66-97c2642c3139,244,1777344419548237073,1777344419583371073,35.134,4.5471964,1763.0446,2726.8823
c6b1ee29-0c20-4451-be66-97c2642c3139,245,1777344420353991073,1777344420369112073,15.121,0.79253346,896.9238,964.7659
c6b1ee29-0c20-4451-be66-97c2642c3139,246,1777344420534251073,1777344420749361073,215.11,25.424088,3013.0522,10490.822
c6b1ee29-0c20-4451-be66-97c2642c3139,247,1777344420959611073,1777344420989611073,30.0,2.854606,1461.591,2069.3518
c6b1ee29-0c20-4451-be66-97c2642c3139,248,1777344421119740073,1777344421199861073,80.121,24.40061,4566.9487,10040.106
c6b1ee29-0c20-4451-be66-97c2642c3139,249,1777344421379986073,1777344421399992073,20.006,1.5040696,1202.6112,1571.5769
c6b1ee29-0c20-4451-be66-97c2642c3139,250,1777344421880486073,1777344421950616073,70.13,25.000607,4816.8975,9823.481
c6b1ee29-0c20-4451-be66-97c2642c3139,251,1777344422150735073,1777344422175736073,25.001,1.4999233,976.443,1101.2585
c6b1ee29-0c20-4451-be66-97c2642c3139,252,1777344423051610073,1777344423066610073,15.0,0.76137245,936.75964,1062.7393
c6b1ee29-0c20-4451-be66-97c2642c3139,253,1777344423246735073,1777344423331860073,85.125,26.150997,4515.3525,8899.12
c6b1ee29-0c20-4451-be66-97c2642c3139,254,1777344423962485073,1777344424027485073,65.0,24.43064,5550.6357,9817.646
c6b1ee29-0c20-4451-be66-97c2642c3139,255,1777344424302747073,1777344424377859073,75.112,20.679392,4317.3813,7447.793
c6b1ee29-0c20-4451-be66-97c2642c3139,256,1777344424502984073,1777344424567984073,65.0,11.943278,2708.288,6392.862
c6b1ee29-0c20-4451-be66-97c2642c3139,257,1777344424728234073,1777344424913364073,185.13,36.1146,4575.1606,11216.544
c6b1ee29-0c20-4451-be66-97c2642c3139,258,1777344425043484073,1777344425073493073,30.009,3.1862433,1386.8234,2161.368
c6b1ee29-0c20-4451-be66-97c2642c3139,259,1777344425468859073,1777344425503859073,35.0,4.382724,1830.0326,2536.464
c6b1ee29-0c20-4451-be66-97c2642c3139,260,1777344425603984073,1777344425623984073,20.0,1.3676575,1059.0563,1200.7854
c6b1ee29-0c20-4451-be66-97c2642c3139,261,1777344425994358073,1777344426019358073,25.0,1.6042813,1013.7707,1376.8358
c6b1ee29-0c20-4451-be66-97c2642c3139,262,1777344426504858073,1777344426619988073,115.13,3.1196966,1223.9264,2227.0813
c6b1ee29-0c20-4451-be66-97c2642c3139,263,1777344427025358073,1777344427055358073,30.0,2.860181,1483.6798,1989.8063
c6b1ee29-0c20-4451-be66-97c2642c3139,264,1777344427325608073,1777344427385738073,60.13,12.534804,3363.9878,5757.7017
c6b1ee29-0c20-4451-be66-97c2642c3139,265,1777344427545857073,1777344427590857073,45.0,12.769708,3631.7878,7032.4893
c6b1ee29-0c20-4451-be66-97c2642c3139,266,1777344427665982073,1777344427841107073,175.125,0.20375848,1092.3011,1609.0985
c6b1ee29-0c20-4451-be66-97c2642c3139,267,1777344427986232073,1777344428296607073,310.375,4.754803,3304.3616,10895.163
c6b1ee29-0c20-4451-be66-97c2642c3139,268,1777344428396607073,1777344428416732073,20.125,1.0765295,1011.1077,1310.3201
c6b1ee29-0c20-4451-be66-97c2642c3139,269,1777344428606857073,1777344428636857073,30.0,2.434851,1294.001,1656.0332
c6b1ee29-0c20-4451-be66-97c2642c3139,270,1777344428897107073,1777344428927120073,30.013,1.9959619,1139.1945,1499.0859
c6b1ee29-0c20-4451-be66-97c2642c3139,271,1777344429137357073,1777344429182357073,45.0,4.629125,1993.3024,3397.637
c6b1ee29-0c20-4451-be66-97c2642c3139,272,1777344429617856073,1777344429632856073,15.0,1.0494238,1115.1359,1295.387
c6b1ee29-0c20-4451-be66-97c2642c3139,273,1777344429938106073,1777344429978106073,40.0,3.8037686,1376.3304,2228.8167
c6b1ee29-0c20-4451-be66-97c2642c3139,274,1777344430308489073,1777344430383481073,74.992,24.400349,4561.605,7739.0596
c6b1ee29-0c20-4451-be66-97c2642c3139,275,1777344430608731073,1777344430643731073,35.0,3.3312616,1348.1027,2022.513
c6b1ee29-0c20-4451-be66-97c2642c3139,276,1777344431184235073,1777344431374480073,190.245,27.555382,3462.684,9220.489
c6b1ee29-0c20-4451-be66-97c2642c3139,277,1777344431599730073,1777344431624730073,25.0,1.7579125,1058.2804,1343.1765
c6b1ee29-0c20-4451-be66-97c2642c3139,278,1777344431849980073,1777344431874980073,25.0,1.6118588,1001.7615,1552.9486
c6b1ee29-0c20-4451-be66-97c2642c3139,279,1777344432150230073,1777344432290355073,140.125,11.928222,2459.146,5503.2275
c6b1ee29-0c20-4451-be66-97c2642c3139,280,1777344432530605073,1777344432615605073,85.0,22.707672,3443.7349,7827.8604
c6b1ee29-0c20-4451-be66-97c2642c3139,281,1777344432790855073,1777344432825855073,35.0,0.19024162,1000.6612,1465.7745
c6b1ee29-0c20-4451-be66-97c2642c3139,282,1777344432910979073,1777344433221238073,310.259,36.10773,3573.8237,8679.493
c6b1ee29-0c20-4451-be66-97c2642c3139,283,1777344433491479073,1777344433526480073,35.001,3.7583416,1603.4509,2305.2908
c6b1ee29-0c20-4451-be66-97c2642c3139,284,1777344434957853073,1777344435062982073,105.129,26.809906,4006.769,8108.9575
c6b1ee29-0c20-4451-be66-97c2642c3139,285,1777344435248103073,1777344435413353073,165.25,30.05321,4179.403,12362.942
c6b1ee29-0c20-4451-be66-97c2642c3139,286,1777344435733607073,1777344435803728073,70.121,26.1903,5183.9736,9267.757
c6b1ee29-0c20-4451-be66-97c2642c3139,287,1777344436394227073,1777344436619477073,225.25,28.52407,3474.6099,10168.247
c6b1ee29-0c20-4451-be66-97c2642c3139,288,1777344436764602073,1777344436799604073,35.002,4.0044274,1526.186,2307.0452
c6b1ee29-0c20-4451-be66-97c2642c3139,289,1777344437199977073,1777344437265102073,65.125,15.463146,3400.9365,6847.7505
c6b1ee29-0c20-4451-be66-97c2642c3139,290,1777344437495227073,1777344437545352073,50.125,12.035883,3517.348,5795.745
c6b1ee29-0c20-4451-be66-97c2642c3139,291,1777344437815605073,1777344437830603073,14.998,0.9817209,1041.924,1407.2761
c6b1ee29-0c20-4451-be66-97c2642c3139,292,1777344437975728073,1777344438265976073,290.248,5.2154226,2995.6875,9225.804
c6b1ee29-0c20-4451-be66-97c2642c3139,293,1777344438451226073,1777344438476226073,25.0,2.1332963,1238.1815,1608.7079
c6b1ee29-0c20-4451-be66-97c2642c3139,294,1777344438731476073,1777344438796476073,65.0,20.233818,4202.73,8748.166
c6b1ee29-0c20-4451-be66-97c2642c3139,295,1777344439056726073,1777344439086726073,30.0,2.4311218,1136.5978,1743.5522
c6b1ee29-0c20-4451-be66-97c2642c3139,296,1777344440257853073,1777344440357975073,100.122,1.0544367,982.4189,1780.5203
c6b1ee29-0c20-4451-be66-97c2642c3139,297,1777344440888475073,1777344441018599073,130.124,0.36924285,966.64105,1361.0017
c6b1ee29-0c20-4451-be66-97c2642c3139,298,1777344441123724073,1777344441138733073,15.009,0.90166706,1146.8259,1993.3793
c6b1ee29-0c20-4451-be66-97c2642c3139,299,1777344441338850073,1777344441378974073,40.124,0.46760654,993.15894,1328.4073
c6b1ee29-0c20-4451-be66-97c2642c3139,300,1777344441564099073,1777344441754349073,190.25,19.21855,3203.155,9747.343
c6b1ee29-0c20-4451-be66-97c2642c3139,301,1777344443210723073,1777344443240723073,30.0,3.1709647,1505.0537,2425.921
c6b1ee29-0c20-4451-be66-97c2642c3139,302,1777344443711099073,1777344443746227073,35.128,3.183939,1334.7032,1799.9614
c6b1ee29-0c20-4451-be66-97c2642c3139,303,1777344444677113073,1777344445042472073,365.359,20.641,4084.5798,12192.571
c6b1ee29-0c20-4451-be66-97c2642c3139,304,1777344445202597073,1777344445217603073,15.006,1.0383687,1085.0717,1307.5342
c6b1ee29-0c20-4451-be66-97c2642c3139,305,1777344446683971073,1777344446839104073,155.133,39.57189,4464.2744,14261.302
c6b1ee29-0c20-4451-be66-97c2642c3139,306,1777344447079346073,1777344447124346073,45.0,2.9228957,1295.5399,1982.4332
c6b1ee29-0c20-4451-be66-97c2642c3139,307,1777344447244471073,1777344447264471073,20.0,0.8567774,1035.3271,1271.5376
c6b1ee29-0c20-4451-be66-97c2642c3139,308,1777344447504720073,1777344447749970073,245.25,25.01298,3172.5586,10588.661
c6b1ee29-0c20-4451-be66-97c2642c3139,309,1777344448730845073,1777344448745970073,15.125,0.8966319,1028.3256,1393.8625
c6b1ee29-0c20-4451-be66-97c2642c3139,310,1777344449891969073,1777344450092219073,200.25,15.499014,2496.8088,5962.743
c6b1ee29-0c20-4451-be66-97c2642c3139,311,1777344450182219073,1777344450227344073,45.125,15.16855,3448.8665,8163.0044
c6b1ee29-0c20-4451-be66-97c2642c3139,312,1777344450967968073,1777344451088093073,120.125,17.322285,2843.7515,6480.718
c6b1ee29-0c20-4451-be66-97c2642c3139,313,1777344451383469073,1777344451403468073,19.999,1.7684369,1410.0505,1757.7477
c6b1ee29-0c20-4451-be66-97c2642c3139,314,1777344451673718073,1777344451693718073,20.0,1.1422621,940.5402,1082.942
c6b1ee29-0c20-4451-be66-97c2642c3139,315,1777344452884842073,1777344452904842073,20.0,1.4948983,1223.7605,1450.3419
c6b1ee29-0c20-4451-be66-97c2642c3139,316,1777344452984967073,1777344452999967073,15.0,0.85007685,877.58374,939.07556
c6b1ee29-0c20-4451-be66-97c2642c3139,317,1777344453250217073,1777344453295217073,45.0,0.27552983,965.8807,1247.245
c6b1ee29-0c20-4451-be66-97c2642c3139,318,1777344454166098073,1777344454216091073,49.993,0.8564977,1087.3325,1682.0157
c6b1ee29-0c20-4451-be66-97c2642c3139,319,1777344454301216073,1777344454316216073,15.0,0.79264194,950.3126,1144.7821
c6b1ee29-0c20-4451-be66-97c2642c3139,320,1777344454711591073,1777344454921716073,210.125,19.066126,2940.4243,9377.103
c6b1ee29-0c20-4451-be66-97c2642c3139,321,1777344455327090073,1777344455357215073,30.125,0.73129284,1085.127,1635.5045
c6b1ee29-0c20-4451-be66-97c2642c3139,322,1777344455722465073,1777344455867715073,145.25,2.084906,1055.7618,1472.8137
c6b1ee29-0c20-4451-be66-97c2642c3139,323,1777344456293090073,1777344456308090073,15.0,0.781947,973.2027,1329.7842
c6b1ee29-0c20-4451-be66-97c2642c3139,324,1777344456398215073,1777344456413215073,15.0,0.9173719,938.54675,1076.455
c6b1ee29-0c20-4451-be66-97c2642c3139,325,1777344456858590073,1777344456888594073,30.004,4.1655054,2044.3226,2843.1072
c6b1ee29-0c20-4451-be66-97c2642c3139,326,1777344457319096073,1777344457844471073,525.375,2.123737,2922.0386,7513.585
c6b1ee29-0c20-4451-be66-97c2642c3139,327,1777344457949602073,1777344458079713073,130.111,18.966915,3340.7197,8885.451
c6b1ee29-0c20-4451-be66-97c2642c3139,328,1777344458354963073,1777344458445088073,90.125,39.659836,6347.6406,10932.457
c6b1ee29-0c20-4451-be66-97c2642c3139,329,1777344458970588073,1777344458985588073,15.0,0.8171648,971.96375,1252.1855
c6b1ee29-0c20-4451-be66-97c2642c3139,330,1777344459491088073,1777344459651223073,160.135,25.31135,3930.9482,10431.739
c6b1ee29-0c20-4451-be66-97c2642c3139,331,1777344459931463073,1777344459951587073,20.124,1.5865625,1216.0421,1414.9642
c6b1ee29-0c20-4451-be66-97c2642c3139,332,1777344460236837073,1777344460316837073,80.0,27.161001,5344.8545,8720.691
c6b1ee29-0c20-4451-be66-97c2642c3139,333,1777344460622212073,1777344460882462073,260.25,27.785831,3113.9834,9943.301
c6b1ee29-0c20-4451-be66-97c2642c3139,334,1777344461017587073,1777344461052587073,35.0,3.461496,1395.6614,2165.1086
c6b1ee29-0c20-4451-be66-97c2642c3139,335,1777344461948461073,1777344461983461073,35.0,4.2199306,1585.2784,2510.7056
c6b1ee29-0c20-4451-be66-97c2642c3139,336,1777344462208711073,1777344462363836073,155.125,30.664757,4096.6313,8306.227
c6b1ee29-0c20-4451-be66-97c2642c3139,337,1777344462659085073,1777344462694085073,35.0,3.201036,1421.6042,1779.7728
c6b1ee29-0c20-4451-be66-97c2642c3139,338,1777344463029460073,1777344463044460073,15.0,1.2367173,1065.7035,1954.3541
c6b1ee29-0c20-4451-be66-97c2642c3139,339,1777344463274710073,1777344463439835073,165.125,33.575066,4844.483,15603.096
c6b1ee29-0c20-4451-be66-97c2642c3139,340,1777344463609960073,1777344463639964073,30.004,2.7091243,1304.9722,1648.2656
c6b1ee29-0c20-4451-be66-97c2642c3139,341,1777344464560834073,1777344464691065073,130.231,31.326977,4126.6406,8589.066
c6b1ee29-0c20-4451-be66-97c2642c3139,342,1777344464786190073,1777344464921315073,135.125,31.746132,4899.77,11095.347
c6b1ee29-0c20-4451-be66-97c2642c3139,343,1777344465832190073,1777344465857189073,24.999,2.3221593,1349.1636,2091.216
c6b1ee29-0c20-4451-be66-97c2642c3139,344,1777344466222565073,1777344466252570073,30.005,3.1678965,1380.9803,2152.018
c6b1ee29-0c20-4451-be66-97c2642c3139,345,1777344466798066073,1777344467103453073,305.387,14.230995,2683.8782,7423.161
c6b1ee29-0c20-4451-be66-97c2642c3139,346,1777344467233564073,1777344467303564073,70.0,15.990614,3573.8967,7811.2837
c6b1ee29-0c20-4451-be66-97c2642c3139,347,1777344468074322073,1777344468099316073,24.994,2.0922668,1248.6823,1806.1129
c6b1ee29-0c20-4451-be66-97c2642c3139,348,1777344468404689073,1777344468429689073,25.0,2.3217444,1428.8804,1730.7168
c6b1ee29-0c20-4451-be66-97c2642c3139,349,1777344468865064073,1777344468895064073,30.0,3.086336,1328.6954,2329.8372
c6b1ee29-0c20-4451-be66-97c2642c3139,350,1777344469055189073,1777344469070317073,15.128,1.0304152,1068.8394,1233.2163
